MID000,CLA000,,,OSCsem,OSCcnt,,OSCfrq,OSCfac,OSCprt,OSCshp,,OSCphs,OSCfrD,OSCslD,OSCmaD,OSCatD,OSCunD,OSCcoX,OSCleX,,RNDsub,RNDlow,RNDhir,RNDbpm,FLTfrq,FLTres,FLTreC,FLTphs,FLTfrC,FLTfdb,FLTvce,FLTvre,FLTgai,FLTbwi,FLTfrQ,FLRfr3,DLY_5m,DLY25m,DLY100,DLY500,DLY_1s,DLY_2s,DLY2p7,DLYsmp,DLY5m8,DLY258,DLY1h8,DLY5h8,DLY1s8,DLY2s8,DLY278,,,LVLlev,LVLpos,LVLamp,LVLatt,LVLrel,LVLatG,LVLreG,LVLthr,,,NTEran,NTEtim,NTEtiL,NTEthr,NTElev,,ENVtim,ENVlev,EFXrat,,EFXraF,EFXraS,EFXfrS,EFXfrL,EFXfrH,EFXsem,EFXpra,EFXsmR,EFXmeR,EFXlaR,EFXhaR,EFXthC,EFXraC,EFXatC,EFXreC,EFXlvC,,MIXdbl,MIXpn1,MIXpn2,MIXcrs,LOGsub,LOGlow,LOGhii,
0,0,0,,-64,-50,0,8.1758,0.0248,0,50,0,0,10.3,1,20,0.5,0,0.5,0,0,699,62.9,0.26,24,13.75,0.5,0,100,8.1758,-64,-64,-64,-18,2,20,100,0.01,0.01,0.01,0.01,0.01,0.01,0.01,1,0,0,0,0,0,0,0,0,0,-64,0,0,0,10,0.2,0.5,-INF,,,0,0.2,0.2,-INF,-8,,0.5,0,0.05,0,0.01,32.7,0,0,0,-16,-4,0,0,0,0,-30,1.1,0,125,-30,,-99.9,-64,-64,127,0.1,1.04,10.4,
1,0.8,0.787402,,-63,-49.2,1,8.662,0.0263,0.004,50,1,3,10.91,1.01,20.6,0.6,0.5,1,1,1,350,59.4,0.27,26,14.57,0.51,0.8,104.1,8.662,-63,-63,-63,-17.7,1.98,21.08,104,0.05,0.21,0.8,3.95,7.89,15.8,21.3,2,0.01,0.03,0.1,0.49,0.99,1.97,2.66,1,0.8,-63,0.5,0.01,0.53,10.5,0.3,0.59,-42.1,,,0,0.2,0.3,-42.1,-7.9,,0.6,0.5,0.05,1,0.02,34.65,0,0,0.001,-15.8,-3.94,23.6,47.2,70.8,94.4,-29,1.2,0.53,129,-29,,-99,-63,-63,126,0.11,1.11,11.1,
2,1.6,1.574803,,-62,-48.4,2,9.177,0.0278,0.005,51,2,6,11.56,1.03,21.2,0.7,1,2,2,2,233,56,0.29,28,15.43,0.51,1.6,108.3,9.177,-62,-62,-62,-17.4,1.97,22.22,107,0.09,0.41,1.59,7.89,15.8,31.5,42.5,3,0.01,0.05,0.2,0.99,1.97,3.94,5.32,2,1.6,-62,1,0.02,0.56,10.9,0.4,0.67,-36.1,,,1,0.3,0.3,-36.1,-7.8,,0.7,1,0.05,2,0.05,36.71,0,0,0.006,-15.5,-3.88,47.2,94.5,141.6,189,-28,1.3,0.56,134,-28,,-72.1,-62,-62,124,0.12,1.19,11.9,
3,2.3,2.362205,,-61,-47.7,3,9.7227,0.0295,0.006,51,3,8,12.25,1.04,21.8,0.9,1.5,3,3,3,175,52.9,0.3,30,16.35,0.52,2.3,112.7,9.7227,-61,-61,-61,-17.2,1.95,23.42,111,0.14,0.6,2.39,11.8,23.6,47.3,63.8,4,0.02,0.08,0.3,1.48,2.95,5.91,7.97,3,2.3,-61,1.5,0.03,0.6,11.4,0.5,0.76,-32.5,,,1,0.4,0.4,-32.5,-7.6,,0.9,1.5,0.05,3,0.07,38.89,0,0.001,0.021,-15.3,-3.81,70.9,142,212.7,284,-27,1.4,0.59,139,-27,,-69.2,-61,-61,122,0.13,1.28,12.8,
4,3.1,3.149606,,-60,-46.9,4,10.301,0.0312,0.008,52,4,11,12.98,1.06,22.5,1.1,2,4,4,4,140,49.9,0.32,32,17.32,0.53,3.1,117.3,10.301,-60,-60,-60,-16.9,1.94,24.69,115,0.18,0.8,3.18,15.8,31.5,63,85.1,5,0.02,0.1,0.4,1.97,3.94,7.88,10.6,4,3.1,-60,2,0.04,0.64,12,0.6,0.87,-30,,,2,0.5,0.5,-30,-7.5,,1.1,2,0.06,4,0.09,41.2,0,0.003,0.049,-15,-3.75,94.5,189,283.5,378,-26,1.5,0.63,144,-26,,-66.9,-60,-60,120,0.14,1.37,13.7,
5,3.9,3.937008,,-59,-46.1,5,10.913,0.0331,0.01,52,5,14,13.75,1.07,23.1,1.3,2.5,5,5,5,117,47.1,0.34,34,18.35,0.54,3.9,122.1,10.913,-59,-59,-59,-16.6,1.92,26.02,119,0.22,1,3.97,19.7,39.4,78.8,106,6,0.03,0.13,0.5,2.46,4.92,9.85,13.3,5,3.9,-59,2.5,0.05,0.67,12.5,0.8,0.98,-28.1,,,2,0.6,0.6,-28.1,-7.4,,1.3,2.5,0.06,5,0.11,43.65,0.001,0.006,0.096,-14.8,-3.69,118,236,354,472,-25,1.6,0.67,149,-25,,-64.8,-59,-59,118,0.15,1.47,14.7,
6,4.7,4.724409,,-58,-45.3,6,11.562,0.0351,0.013,52,6,17,14.57,1.09,23.8,1.5,3,6,6,6,99.9,44.5,0.36,36,19.45,0.55,4.7,127.1,11.562,-58,-58,-58,-16.3,1.91,27.43,123,0.26,1.2,4.76,23.6,47.3,94.5,128,7,0.03,0.15,0.6,2.95,5.91,11.8,15.9,6,4.7,-58,3,0.06,0.72,13.1,0.9,1.11,-26.5,,,3,0.7,0.7,-26.5,-7.3,,1.5,3,0.07,6,0.14,46.25,0.001,0.01,0.17,-14.5,-3.63,142,283,426,566,-24,1.7,0.71,154,-24,,-62.9,-58,-58,116,0.16,1.57,15.8,
7,5.5,5.511811,,-57,-44.5,7,12.25,0.0372,0.016,53,7,20,15.43,1.11,24.5,1.8,3.5,7,7,7,87.4,42,0.38,38,20.6,0.55,5.5,132.3,12.25,-57,-57,-57,-16,1.89,28.91,127,0.3,1.4,5.55,27.6,55.1,110,149,8,0.04,0.17,0.69,3.45,6.89,13.8,18.6,7,5.5,-57,3.5,0.07,0.76,13.7,1,1.25,-25.2,,,3,0.9,0.8,-25.2,-7.1,,1.8,3.5,0.08,7,0.16,49,0.001,0.016,0.26,-14.3,-3.56,165,331,495,662,-23,1.8,0.75,159,-23,,-61.1,-57,-57,114,0.17,1.69,16.9,
8,6.3,6.299213,,-56,-43.8,8,12.978,0.0394,0.02,53,8,23,16.35,1.12,25.2,2.1,4,8,8,8,77.7,39.6,0.41,40,21.83,0.56,6.3,137.7,12.978,-56,-56,-56,-15.8,1.88,30.47,132,0.34,1.59,6.34,31.5,63,126,170,9,0.04,0.2,0.79,3.94,7.88,15.8,21.3,8,6.3,-56,4,0.08,0.81,14.3,1.2,1.4,-24,,,4,1,1,-24,-7,,2.1,4,0.09,8,0.18,51.91,0.002,0.024,0.39,-14,-3.5,189,378,567,756,-22,1.9,0.79,165,-22,,-59.5,-56,-56,112,0.18,1.81,18.1,
9,7,7.086614,,-55,-43,9,13.75,0.0417,0.025,53,9,25,17.32,1.14,26,2.5,4.5,9,9,9,69.9,37.4,0.43,42,23.12,0.57,7,143.3,13.75,-55,-55,-55,-15.5,1.86,32.12,136,0.39,1.79,7.14,35.4,70.9,142,191,10,0.05,0.22,0.89,4.43,8.86,17.7,23.9,9,7,-55,4.5,0.09,0.86,15,1.4,1.57,-23,,,4,1.2,1.2,-23,-6.9,,2.5,4.5,0.1,9,0.21,55,0.003,0.035,0.56,-13.8,-3.44,213,425,639,850,-21,2,0.84,171,-21,,-57.9,-55,-55,110,0.19,1.94,19.4,
10,7.8,7.874016,,-54,-42.2,10,14.568,0.0442,0.032,54,10,28,18.35,1.16,26.7,3,5,10,10,10,63.6,35.3,0.46,44,24.5,0.58,7.8,149.1,14.568,-54,-54,-54,-15.2,1.84,33.85,141,0.43,1.99,7.93,39.4,78.8,158,213,11,0.05,0.25,0.99,4.92,9.85,19.7,26.6,10,7.8,-54,5,0.1,0.91,15.7,1.6,1.75,-22.1,,,5,1.4,1.4,-22.1,-6.8,,3,5,0.12,10,0.23,58.27,0.004,0.048,0.77,-13.5,-3.38,236,472,708,944,-20,2.2,0.89,177,-20,,-56.4,-54,-54,108,0.21,2.08,20.8,
11,8.6,8.661417,,-53,-41.4,11,15.434,0.0468,0.04,54,11,31,19.45,1.17,27.5,3.5,5.5,11,11,11,58.3,33.3,0.48,46,25.96,0.59,8.6,155.2,15.434,-53,-53,-53,-14.9,1.83,35.68,146,0.47,2.19,8.72,43.3,86.6,173,234,12,0.06,0.27,1.09,5.42,10.8,21.7,39.2,11,8.6,-53,5.5,0.11,0.97,16.4,1.7,1.95,-21.2,,,5,1.7,1.6,-21.2,-6.6,,3.5,5.5,0.13,11,0.25,61.74,0.006,0.063,1.02,-13.3,-3.31,260,520,780,1040,-19,2.4,0.94,183,-19,,-55,-53,-53,106,0.22,2.23,22.3,
12,9.4,9.448819,,-52,-40.6,12,16.352,0.0496,0.051,55,12,34,20.6,1.19,28.3,4,6,12,12,12,53.8,31.4,0.51,48,27.5,0.6,9.4,161.5,16.352,-52,-52,-52,-14.6,1.81,37.61,151,0.51,2.39,9.51,47.3,94.5,189,255,13,0.06,0.3,1.19,5.91,11.8,23.6,31.9,12,9.4,-52,6,0.13,1.03,17.1,2,2.17,-20.5,,,6,2,1.9,-20.5,-6.5,,4,6,0.15,12,0.27,65.41,0.007,0.082,1.32,-13,-3.25,283,567,849,1134,-18,2.6,1,189,-18,,-53.6,-52,-52,104,0.24,2.39,23.9,
13,10.2,10.23622,,-51,-39.8,13,17.324,0.0526,0.064,55,13,37,21.83,1.21,29.1,4.7,6.5,13,13,13,49.9,29.7,0.54,50,29.14,0.61,10.2,168.1,17.324,-51,-51,-51,-14.3,1.8,39.65,157,0.55,2.58,10.3,51.2,102,205,276,14,0.07,0.32,1.29,6.41,12.8,25.6,34.5,13,10.2,-51,6.5,0.14,1.09,17.9,2.2,2.41,-19.8,,,6,2.3,2.2,-19.8,-6.4,,4.7,6.5,0.17,13,0.3,69.3,0.009,0.1,1.68,-12.8,-3.19,307,614,921,1228,-17,2.8,1.06,196,-17,,-52.3,-51,-51,102,0.26,2.56,25.6,
14,10.9,11.02362,,-50,-39.1,14,18.354,0.0557,0.08,55,14,39,23.12,1.22,30,5.5,7,14,14,14,46.6,28,0.57,52,30.87,0.62,10.9,175,18.354,-50,-50,-50,-14.1,1.78,41.79,162,0.59,2.78,11.1,55.1,110,221,298,15,0.07,0.35,1.39,6.89,13.8,27.6,37.2,14,10.9,-50,7,0.15,1.16,18.8,2.4,2.66,-19.2,,,7,2.7,2.6,-19.2,-6.3,,5.5,7,0.19,14,0.32,73.42,0.012,0.13,2.1,-12.5,-3.13,331,661,993,1322,-16,3,1.12,203,-16,,-51,-50,-50,100,0.27,2.75,27.5,
15,11.7,11.81102,,-49,-38.3,15,19.445,0.059,0.101,56,15,42,24.5,1.24,30.9,6.3,7.5,15,15,15,43.7,26.4,0.61,54,32.7,0.63,11.7,182.1,19.445,-49,-49,-49,-13.8,1.77,44.05,168,0.64,2.98,11.9,59.1,118,236,319,16,0.08,0.37,1.49,7.38,14.8,29.5,39.9,15,11.7,-49,7.5,0.16,1.23,19.6,2.6,2.94,-18.6,,,7,3.1,3,-18.6,-6.1,,6.3,7.5,0.21,15,0.34,77.78,0.014,0.16,2.58,-12.3,-3.06,354,709,1062,1418,-15,3.2,1.19,210,-15,,-49.8,-49,-49,98,0.29,2.94,29.4,
16,12.5,12.59843,,-48,-37.5,16,20.602,0.0625,0.128,56,16,45,25.96,1.26,31.8,7.3,8,16,16,16,41.1,25,0.64,56,34.65,0.64,12.5,189.5,20.602,-48,-48,-48,-13.5,1.75,46.43,174,0.68,3.18,12.7,63,126,252,340,17,0.08,0.4,1.58,7.88,15.8,31.5,42.5,16,12.5,-48,8,0.17,1.3,20.5,2.9,3.25,-18,,,8,3.6,3.4,-18,-6,,7.3,8,0.23,16,0.37,82.41,0.018,0.2,3.14,-12,-3,378,756,1134,1512,-14,3.4,1.26,218,-14,,-48.6,-48,-48,96,0.32,3.16,31.6,
17,13.3,13.38583,,-47,-36.7,17,21.827,0.0662,0.161,57,17,48,27.5,1.28,32.7,8.4,8.5,17,17,17,38.8,23.6,0.68,58,36.71,0.65,13.3,197.3,21.827,-47,-47,-47,-13.2,1.73,48.94,180,0.72,3.38,13.5,66.9,134,268,361,18,0.09,0.42,1.68,8.37,16.7,33.5,45.2,17,13.3,-47,8.5,0.18,1.38,21.5,3.1,3.57,-17.5,,,8,4.2,3.9,-17.5,-5.9,,8.4,8.5,0.25,17,0.39,87.31,0.021,0.23,3.76,-11.8,-2.94,402,803,1206,1606,-13,3.6,1.33,225,-13,,-47.5,-47,-47,94,0.34,3.38,33.8,
18,14.1,14.17323,,-46,-35.9,18,23.125,0.0702,0.203,57,18,51,29.14,1.3,33.7,9.7,9,18,18,18,36.8,22.2,0.72,60,38.89,0.66,14.1,205.3,23.125,-46,-46,-46,-12.9,1.72,51.58,186,0.76,3.57,14.3,70.9,142,284,383,19,0.1,0.45,1.78,8.86,17.7,35.4,47.8,18,14.1,-46,9,0.19,1.47,22.4,3.4,3.92,-17,,,9,4.8,4.5,-17,-5.8,,9.7,9,0.28,18,0.41,92.5,0.025,0.28,4.46,-11.5,-2.88,425,850,1275,1700,-12,3.8,1.41,233,-12,,-46.4,-46,-46,92,0.36,3.63,36.3,
19,14.8,14.96063,,-45,-35.2,19,24.5,0.0743,0.255,57,19,53,30.87,1.32,34.6,11.1,9.5,19,19,19,35,21,0.77,62,41.2,0.67,14.8,213.7,24.5,-45,-45,-45,-12.7,1.7,54.37,193,0.8,3.77,15.1,74.8,150,299,404,20,0.1,0.47,1.88,9.35,18.7,37.4,50.5,19,14.8,-45,9.5,0.2,1.56,23.5,3.7,4.3,-16.5,,,9,5.5,5.2,-16.5,-5.6,,11.1,9.5,0.3,19,0.43,98,0.029,0.33,5.25,-11.3,-2.81,449,898,1347,1796,-11,4,1.5,241,-11,,-45.3,-45,-45,90,0.39,3.89,38.9,
20,15.6,15.74803,,-44,-34.4,20,25.957,0.0787,0.322,58,20,56,32.7,1.33,35.7,12.7,10,20,20,20,33.3,19.8,0.81,64,43.65,0.68,15.6,222.4,25.957,-44,-44,-44,-12.4,1.69,57.31,199,0.84,3.97,15.8,78.8,158,315,425,21,0.11,0.5,1.98,9.85,19.7,39.4,53.2,20,15.6,-44,10,0.21,1.66,24.6,4,4.71,-16.1,,,10,6.3,5.9,-16.1,-5.5,,12.7,10,0.33,20,0.46,103.8,0.034,0.38,6.12,-11,-2.75,472,945,1416,1890,-10,4.2,1.59,250,-10,,-44.3,-44,-44,88,0.42,4.17,41.7,
21,16.4,16.53543,,-43,-33.6,21,27.5,0.0834,0.406,58,21,59,34.65,1.35,36.7,14.5,10.5,21,21,21,31.8,18.7,0.86,66,46.25,0.69,16.4,231.5,27.5,-43,-43,-43,-12.1,1.67,60.4,206,0.89,4.17,16.6,82.7,165,331,446,22,0.11,0.52,2.08,10.3,20.7,41.3,55.8,21,16.4,-43,10.5,0.22,1.76,25.7,4.3,5.15,-15.6,,,10,7.2,6.8,-15.6,-5.4,,14.5,10.5,0.36,21,0.48,110,0.04,0.44,7.09,-10.8,-2.69,496,992,1488,1984,-9,4.4,1.68,259,-9,,-43.3,-43,-43,86,0.45,4.48,44.8,
22,17.2,17.32283,,-42,-32.8,22,29.135,0.0884,0.511,58,22,62,36.71,1.37,37.8,16.5,11,22,22,22,30.4,17.6,0.91,68,49,0.7,17.2,240.9,29.135,-42,-42,-42,-11.8,1.66,63.67,214,0.93,4.36,17.4,86.6,173,347,468,23,0.12,0.55,2.18,10.8,21.7,43.3,58.5,22,17.2,-42,11,0.23,1.87,26.9,4.6,5.62,-15.2,,,11,8.2,7.7,-15.2,-5.3,,16.5,11,0.39,22,0.5,116.5,0.046,0.51,8.15,-10.5,-2.63,520,1039,1560,2078,-8,4.6,1.78,268,-8,,-42.3,-42,-42,84,0.48,4.8,48,
23,18,18.11024,,-41,-32,23,30.868,0.0936,0.644,59,23,65,38.89,1.39,38.9,18.7,11.5,23,23,23,29.1,16.7,0.96,70,51.91,0.71,18,250.7,30.868,-41,-41,-41,-11.5,1.64,67.11,221,0.97,4.56,18.2,90.6,181,362,489,24,0.12,0.57,2.28,11.3,22.6,45.3,61.1,23,18,-41,11.5,0.24,1.98,28.1,4.9,6.12,-14.8,,,11,9.3,8.8,-14.8,-5.1,,18.7,11.5,0.42,23,0.53,123.5,0.052,0.58,9.31,-10.3,-2.56,543,1087,1629,2174,-7,4.8,1.89,277,-7,,-41.3,-41,-41,82,0.51,5.15,51.5,
24,18.8,18.89764,,-40,-31.3,24,32.703,0.0992,0.811,59,24,68,41.2,1.41,40,21.2,12,24,24,24,28,15.7,1.02,72,55,0.73,18.8,260.9,32.703,-40,-40,-40,-11.3,1.63,70.74,229,1.01,4.76,19,94.5,189,378,510,25,0.13,0.6,2.38,11.8,23.6,47.3,63.8,24,18.8,-40,12,0.25,2.1,29.4,5.3,6.66,-14.5,,,12,11,9.9,-14.5,-5,,21.2,12,0.46,24,0.55,130.8,0.059,0.66,10.6,-10,-2.5,567,1134,1701,2268,-6,5,2,287,-6,,-40.4,-40,-40,80,0.55,5.52,55.2,
25,19.5,19.68504,,-39,-30.5,25,34.648,0.1051,1.022,60,25,70,43.65,1.43,41.2,24,12.5,25,25,25,26.9,14.8,1.08,74,58.27,0.74,19.5,271.6,34.648,-39,-39,-39,-11,1.61,74.56,237,1.05,4.96,19.8,98.4,197,394,532,26,0.13,0.62,2.48,12.3,24.6,49.2,66.4,25,19.5,-39,12.5,0.26,2.23,30.7,5.6,7.24,-14.1,,,12,12,11.1,-14.1,-4.9,,24,12.5,0.49,25,0.57,138.6,0.067,0.74,12,-9.8,-2.44,591,1181,1773,2362,-5,5.5,2.12,297,-5,,-39.5,-39,-39,78,0.59,5.93,59.3,
26,20.3,20.47244,,-38,-29.7,26,36.708,0.1114,1.288,60,26,73,46.25,1.46,42.4,27.1,13,26,26,26,25.9,14,1.15,76,61.74,0.75,20.3,282.6,36.708,-38,-38,-38,-10.7,1.59,78.59,245,1.09,5.16,20.6,102,205,410,553,27,0.14,0.64,2.57,12.8,25.6,51.2,69.1,26,20.3,-38,13,0.27,2.37,32.1,6,7.85,-13.8,,,13,14,13,-13.8,-4.8,,27.1,13,0.53,26,0.6,146.8,0.075,0.84,13.5,-9.5,-2.38,614,1228,1842,2456,-4,6,2.24,308,-4,,-38.7,-38,-38,76,0.64,6.36,63.6,
27,21.1,21.25984,,-37,-28.9,27,38.891,0.118,1.622,60,27,76,49,1.48,43.7,30.6,13.5,27,27,27,25,13.2,1.22,78,65.41,0.76,21.1,294.2,38.891,-37,-37,-37,-10.4,1.58,82.84,254,1.14,5.35,21.4,106,213,425,574,28,0.14,0.67,2.67,13.3,26.6,53.2,71.8,27,21.1,-37,13.5,0.28,2.52,33.6,6.3,8.51,-13.4,,,13,15,14,-13.4,-4.6,,30.6,13.5,0.57,27,0.62,155.6,0.084,0.94,15.1,-9.3,-2.31,638,1276,1914,2552,-3,6.5,2.38,319,-3,,-37.8,-37,-37,74,0.68,6.82,68.2,
28,21.9,22.04724,,-36,-28.1,28,41.203,0.125,2.044,61,28,79,51.91,1.5,44.9,34.4,14,28,28,28,24.1,12.5,1.29,80,69.3,0.78,21.9,306.2,41.203,-36,-36,-36,-10.1,1.56,87.31,263,1.18,5.55,22.2,110,221,441,595,29,0.15,0.69,2.77,13.8,27.6,55.1,74.4,28,21.9,-36,14,0.29,2.67,35.2,6.7,9.21,-13.1,,,14,17,16,-13.1,-4.5,,34.4,14,0.61,28,0.64,164.8,0.094,1.05,16.8,-9,-2.25,661,1323,1983,2646,-2,7,2.52,330,-2,,-37,-36,-36,72,0.73,7.32,73.2,
29,22.7,22.83465,,-35,-27.3,29,43.654,0.1324,2.575,61,29,82,55,1.52,46.2,38.7,14.5,29,29,29,23.3,11.8,1.36,82,73.42,0.79,22.7,318.6,43.654,-35,-35,-35,-9.8,1.55,92.03,272,1.22,5.75,23,114,228,457,617,30,0.15,0.72,2.87,14.3,28.5,57.1,77.1,29,22.7,-35,14.5,0.3,2.84,36.8,7.1,9.96,-12.8,,,14,19,18,-12.8,-4.4,,38.7,14.5,0.65,29,0.66,174.6,0.1,1.16,18.7,-8.8,-2.19,685,1370,2055,2740,-1,7.5,2.67,342,-1,,-36.2,-35,-35,70,0.79,7.85,78.5,
30,23.4,23.62205,,-34,-26.6,30,46.249,0.1403,3.245,62,30,84,58.27,1.54,47.6,43.4,15,30,30,30,22.6,11.1,1.45,84,77.78,0.81,23.4,331.6,46.249,-34,-34,-34,-9.6,1.53,97.01,282,1.26,5.95,23.8,118,236,473,638,31,0.16,0.74,2.97,14.8,29.5,59.1,79.7,30,23.4,-34,15,0.31,3.01,38.5,7.5,10.7,-12.5,,,15,22,20,-12.5,-4.3,,43.4,15,0.69,30,0.69,185,0.12,1.29,20.7,-8.5,-2.13,709,1417,2127,2834,0,8,2.83,354,0,,-35.5,-34,-34,68,0.84,8.42,84.2,
31,24.2,24.40945,,-33,-25.8,31,48.999,0.1487,4.088,62,31,87,61.74,1.56,49,48.6,15.5,31,31,31,21.8,10.5,1.53,86,82.41,0.82,24.2,345.2,48.999,-33,-33,-33,-9.3,1.52,102.2,291,1.3,6.15,24.6,122,244,488,659,32,0.16,0.77,3.07,15.3,30.5,61,82.4,31,24.2,-33,15.5,0.32,3.2,40.2,7.9,11.6,-12.2,,,15,24,23,-12.2,-4.1,,48.6,15.5,0.73,31,0.71,196,0.13,1.42,22.8,-8.3,-2.06,732,1465,2196,2930,1,8.5,3,366,1,,-34.7,-33,-33,66,0.9,9.04,90.4,
32,25,25.19685,,-32,-25,32,51.913,0.1575,5.15,62,32,90,65.41,1.59,50.4,54.3,16,,32,32,21.2,0.1,1.62,88,87.31,0.84,25,359.2,51.913,-32,-32,-32,-9,1.5,107.8,302,1.34,6.34,25.3,126,252,504,680,33,0.17,0.79,3.17,15.8,31.5,63,85,32,25,-32,16,0.33,3.39,42.1,8.4,12.5,-12,,,16,27,25,-12,-4,,54.3,16,0.78,32,0.73,207.7,0.14,1.56,25.1,-8,-2,756,1512,2268,3024,2,9,3.17,379,2,,-34,-32,-32,64,0.97,9.7,97,
33,25.8,25.98425,,-31,-24.2,33,55,0.1669,1/32,63,33,93,69.3,1.61,51.9,60.6,16.5,,33,33,20.6,0.11,1.72,89,92.5,0.85,25.8,373.9,55,-31,-31,-31,-8.7,1.48,113.6,312,1.39,6.54,26.1,130,260,520,702,34,0.17,0.82,3.27,16.2,32.5,65,87.7,33,25.8,-31,16.5,0.34,3.6,44,8.8,13.4,-11.7,,,16,30,28,-11.7,-3.9,,60.6,16.5,0.82,33,0.76,220,0.15,1.71,27.5,-7.8,-1.94,780,1559,2340,3118,3,9.5,3.36,392,3,,-33.3,-31,-31,62,1.04,10.4,104,
34,26.6,26.77165,,-30,-23.4,34,58.27,0.1768,1/31,63,34,96,73.42,1.63,53.4,67.6,17,,34,34,20,0.11,1.82,90,98,0.87,26.6,389.1,58.27,-30,-30,-30,-8.4,1.47,119.7,323,1.43,6.74,26.9,134,268,536,723,35,0.18,0.84,3.37,16.7,33.5,66.9,90.4,34,26.6,-30,17,0.35,3.83,46,9.3,14.4,-11.4,,,17,34,32,-11.4,-3.8,,67.6,17,0.87,34,0.78,233.1,0.17,1.87,30.1,-7.5,-1.88,803,1606,2409,3212,4,10,3.56,406,4,,-32.6,-30,-30,60,1.12,11.2,112,
35,27.3,27.55906,,-29,-22.7,35,61.735,0.1873,1/30,64,35,98,77.78,1.66,55,75.2,17.5,,35,35,19.4,0.12,1.93,91,103.8,0.88,27.3,405,61.735,-29,-29,-29,-8.2,1.45,126.2,335,1.47,6.94,27.7,138,276,551,744,36,0.18,0.87,3.46,17.2,34.5,68.9,93,35,27.3,-29,17.5,0.37,4.06,48.2,9.7,15.5,-11.2,,,17,38,35,-11.2,-3.6,,75.2,17.5,0.92,35,0.8,246.9,0.18,2.04,32.8,-7.3,-1.81,827,1654,2481,3308,5,11,3.78,420,5,,-31.9,-29,-29,58,1.2,12,120,
36,28.1,28.34646,,-28,-21.9,36,65.406,0.1984,1/29,64,36,101,82.41,1.68,56.6,83.6,18,,36,36,18.9,0.13,2.04,92,110,0.9,28.1,421.5,65.406,-28,-28,-28,-7.9,1.44,133,346,1.51,7.14,28.5,142,284,567,765,37,0.19,0.89,3.56,17.7,35.4,70.9,95.7,36,28.1,-28,18,0.38,4.31,50.4,10.2,16.6,-11,,,18,42,39,-11,-3.5,,83.6,18,0.97,36,0.82,261.6,0.2,2.22,35.7,-7,-1.75,850,1701,2550,3402,6,12,4,435,6,,-31.2,-28,-28,56,1.29,12.9,129,
37,28.9,29.13386,,-27,-21.1,37,69.296,0.2102,1/28,64,37,104,87.31,1.71,58.3,92.8,18.5,,37,37,18.4,0.13,2.17,93,116.5,0.92,28.9,438.7,69.296,-27,-27,-27,-7.6,1.42,140.2,358,1.55,7.33,29.3,146,291,583,787,38,0.19,0.92,3.66,18.2,36.4,72.8,98.3,37,28.9,-27,18.5,0.39,4.58,52.7,10.7,17.8,-10.7,,,18,46,43,-10.7,-3.4,,92.8,18.5,1.02,37,0.85,277.2,0.22,2.41,38.8,-6.8,-1.69,874,1748,2622,3496,7,13,4.24,451,7,,-30.6,-27,-27,54,1.38,13.8,138,
38,29.7,29.92126,,-26,-20.3,38,73.416,0.2227,1/27,65,38,107,92.5,1.73,60,103,19,,38,38,17.9,0.14,2.29,94,123.5,0.94,29.7,456.6,73.416,-26,-26,-26,-7.3,1.41,147.8,371,1.59,7.53,30.1,150,299,599,808,39,0.2,0.94,3.76,18.7,37.4,74.8,101,38,29.7,-26,19,0.41,4.86,55.1,11.2,19.1,-10.5,,,19,51,48,-10.5,-3.3,,103,19,1.08,38,0.87,293.7,0.24,2.61,42,-6.5,-1.63,898,1795,2694,3590,8,14,4.49,467,8,,-30,-26,-26,52,1.48,14.8,148,
39,30.5,30.70866,,-25,-19.5,39,77.782,0.236,1/26,65,39,110,98,1.76,61.7,114,19.5,,39,39,17.5,0.15,2.43,95,130.8,0.95,30.5,475.2,77.782,-25,-25,-25,-7,1.39,155.8,384,1.64,7.73,30.9,154,307,614,829,40,0.2,0.97,3.86,19.2,38.4,76.8,104,39,30.5,-25,19.5,0.42,5.16,57.6,11.7,20.4,-10.3,,,19,57,53,-10.3,-3.1,,114,19.5,1.13,39,0.89,311.1,0.25,2.83,45.4,-6.3,-1.56,921,1843,2763,3686,9,15,4.76,483,9,,-29.3,-25,-25,50,1.59,15.9,159,
40,31.3,31.49606,,-24,-18.8,40,82.407,0.25,1/25,65,40,113,103.8,1.78,63.5,126,20,,40,40,17.1,0.16,2.58,96,138.6,0.97,31.3,494.6,82.407,-24,-24,-24,-6.8,1.38,164.2,398,1.68,7.93,31.7,158,315,630,850,41,0.21,0.99,3.96,19.7,39.4,78.8,106,40,31.3,-24,20,0.44,5.48,60.3,12.2,21.8,-10,,,20,63,59,-10,-3,,126,20,1.19,40,0.92,329.6,0.27,3.05,49,-6,-1.5,945,1890,2835,3780,10,16,5.04,500,10,,-28.7,-24,-24,48,1.71,17.1,171,
41,32,32.28346,,-23,-18,41,87.307,0.2649,1/24,66,41,115,110,1.81,65.4,139,20.5,,41,41,16.6,0.17,2.73,97,146.8,0.99,32,514.7,87.307,-23,-23,-23,-6.5,1.36,173.1,412,1.72,8.13,32.5,161,323,646,872,42,0.21,1.02,4.06,20.2,40.4,80.7,109,41,32,-23,20.5,0.45,5.82,63.1,12.7,23.3,-9.8,,,20,69,65,-9.8,-2.9,,139,20.5,1.25,41,0.94,349.2,0.3,3.28,52.8,-5.8,-1.44,969,1937,2907,3874,11,17,5.34,518,11,,-28.2,-23,-23,46,1.83,18.3,183,
42,32.8,33.07087,,-22,-17.2,42,92.499,0.2806,1/23,66,42,118,116.5,1.83,67.3,153,21,,42,42,16.3,0.18,2.89,98,155.6,1.01,32.8,535.7,92.499,-22,-22,-22,-6.2,1.34,182.4,426,1.76,8.32,33.3,165,331,662,893,43,0.22,1.04,4.16,20.7,41.3,82.7,112,42,32.8,-22,21,0.47,6.18,66,13.3,24.9,-9.6,,,21,77,72,-9.6,-2.8,,153,21,1.31,42,0.96,370,0.32,3.53,56.7,-5.5,-1.38,992,1984,2976,3968,off,18,5.66,536,12,,-27.6,-22,-22,44,1.97,19.7,197,
43,33.6,33.85827,,-21,-16.4,43,97.999,0.2973,1/22,67,43,121,123.5,1.86,69.3,169,21.5,,43,43,15.9,0.19,3.06,99,164.8,1.03,33.6,557.5,97.999,-21,-21,-21,-5.9,1.33,192.3,441,1.8,8.52,34.1,169,339,677,915,44,0.23,1.07,4.26,21.2,42.3,84.7,114,43,33.6,-21,21.5,0.48,6.56,69,13.8,26.5,-9.4,,,21,84,79,-9.4,-2.6,,169,21.5,1.37,43,0.98,392,0.34,3.79,60.9,-5.3,-1.31,1016,2031,3048,4062,,19,5.99,555,,,-27,-21,-21,42,2.11,21.1,211,
44,34.4,34.64567,,-20,-15.6,44,103.83,0.315,1/21,67,44,124,130.8,1.89,71.3,186,22,,44,44,15.5,0.2,3.24,100,174.6,1.06,34.4,580.3,103.83,-20,-20,-20,-5.6,1.31,202.7,456,1.84,8.72,34.8,173,347,693,935,45,0.23,1.09,4.36,21.7,43.3,86.6,117,44,34.4,-20,22,0.5,6.96,72.2,14.4,28.2,-9.2,,,22,93,87,-9.2,-2.5,,186,22,1.43,44,1.01,415.3,0.37,4.06,65.2,-5,-1.25,1039,2079,3117,4158,,20,6.35,574,,,-26.5,-20,-20,40,2.27,22.7,227,
45,35.2,35.43307,,-19,-14.8,45,110,0.3337,1/20,67,45,127,138.6,1.92,73.4,204,22.5,,45,45,15.2,0.21,3.44,101,185,1.08,35.2,603.9,110,-19,-19,-19,-5.3,1.3,213.6,472,1.89,8.92,35.6,177,354,709,957,46,0.24,1.11,4.45,22.1,44.3,88.6,120,45,35.2,-19,22.5,0.52,7.39,75.5,14.9,30,-9,,,22,102,96,-9,-2.4,,204,22.5,1.49,45,1.03,440,0.39,4.34,69.8,-4.8,-1.19,1063,2126,3189,4252,,22,6.73,595,,,-25.9,-19,-19,38,2.44,24.4,244,
46,35.9,36.22047,,-18,-14.1,46,116.54,0.3536,1/19,68,46,129,146.8,1.94,75.6,224,23,,46,46,14.9,0.23,3.64,102,196,1.1,35.9,628.6,116.54,-18,-18,-18,-5.1,1.28,225.2,489,1.93,9.11,36.4,181,362,725,978,47,0.24,1.14,4.55,22.6,45.3,90.6,122,46,35.9,-18,23,0.54,7.85,78.9,15.5,32,-8.8,,,23,112,105,-8.8,-2.3,,224,23,1.56,46,1.05,466.2,0.42,4.64,74.5,-4.5,-1.13,1087,2173,3261,4346,,24,7.13,616,,,-25.4,-18,-18,36,2.62,26.2,262,
47,36.7,37.00787,,-17,-13.3,47,123.47,0.3746,1/18,68,47,132,155.6,1.97,77.8,246,23.5,,47,47,14.6,0.24,3.86,103,207.7,1.12,36.7,654.2,123.47,-17,-17,-17,-4.8,1.27,237.4,506,1.97,9.31,37.2,185,370,740,999,48,0.25,1.16,4.65,23.1,46.3,92.5,125,47,36.7,-17,23.5,0.55,8.33,82.6,16.1,34,-8.6,,,23,123,115,-8.6,-2.1,,246,23.5,1.63,47,1.08,493.9,0.45,4.95,79.5,-4.3,-1.06,1110,2220,3330,4440,,26,7.55,637,,,-24.8,-17,-17,34,2.81,28.1,281,
48,37.5,37.79528,,-16,-12.5,48,130.81,0.3969,1/17,69,48,135,164.8,2,80.1,269,24,,48,48,14.3,0.25,4.09,104,220,1.15,37.5,680.9,130.81,-16,-16,-16,-4.5,1.25,250.2,524,2.01,9.51,38,189,378,756,1021,49,0.25,1.19,4.75,23.6,47.3,94.5,128,48,37.5,-16,24,0.57,8.84,86.3,16.7,36.1,-8.5,,,24,135,126,-8.5,-2,,269,24,1.69,48,1.1,523.3,0.47,5.27,84.7,-4,-1,1134,2268,3402,4536,,28,8,660,,,-24.3,-16,-16,32,3.02,30.2,302,
49,38.3,38.58268,,-15,-11.7,49,138.59,0.4204,1/16,69,49,138,174.6,2.03,82.4,295,24.5,,49,49,14,0.27,4.33,105,233.1,1.17,38.3,708.6,138.59,-15,-15,-15,-4.2,1.23,263.7,542,2.05,9.71,38.8,193,386,772,1042,50,0.26,1.21,4.85,24.1,48.2,96.5,130,49,38.3,-15,24.5,0.59,9.39,90.3,17.4,38.3,-8.3,,,24,147,138,-8.3,-1.9,,295,24.5,1.76,49,1.12,554.4,0.5,5.61,90.1,-3.8,-0.94,1157,2315,3471,4630,,30,8.48,683,,,-23.8,-15,-15,30,3.24,32.4,324,
50,39.1,39.37008,,-14,-10.9,50,146.83,0.4454,1/15,69,50,141,185,2.06,84.8,322,25,,50,50,13.7,0.29,4.59,106,246.9,1.2,39.1,737.5,146.83,-14,-14,-14,-3.9,1.22,278,561,2.09,9.91,39.6,197,394,788,1063,51,0.26,1.24,4.95,24.6,49.2,98.4,133,50,39.1,-14,25,0.62,9.97,94.5,18,40.6,-8.1,,,25,161,151,-8.1,-1.8,,322,25,1.83,50,1.14,587.3,0.54,5.96,95.7,-3.5,-0.88,1181,2362,3543,4724,,32,8.98,707,,,-23.3,-14,-14,28,3.48,34.8,348,
51,39.8,40.15748,,-13,-10.2,51,155.56,0.4719,1/14,70,51,143,196,2.09,87.3,359,25.5,,51,51,13.4,0.3,4.86,107,261.6,1.23,39.8,767.6,155.56,-13,-13,-13,-3.7,1.2,293,581,2.14,10.1,40.4,201,402,803,1084,52,0.27,1.26,5.05,25.1,50.2,100,136,51,39.8,-13,25.5,0.64,10.6,98.8,18.6,43,-7.9,,,25,176,165,-7.9,-1.6,,359,25.5,1.91,51,1.17,622.3,0.57,6.32,102,-3.3,-0.81,1205,2409,3615,4818,,34,9.51,732,,,-22.8,-13,-13,26,3.74,37.4,374,
52,40.6,40.94488,,-12,-9.4,52,164.81,0.5,1/13,70,52,146,207.7,2.12,89.9,384,26,,52,52,13.2,0.32,5.15,108,277.2,1.25,40.6,798.9,164.81,-12,-12,-12,-3.4,1.19,308.8,601,2.18,10.3,41.2,205,410,819,1106,53,0.27,1.29,5.15,25.6,51.2,102,138,52,40.6,-12,26,0.66,11.2,103,19.3,45.5,-7.8,,,26,192,180,-7.8,-1.5,,384,26,1.98,52,1.19,659.3,0.6,6.7,108,-3,-0.75,1228,2457,3684,4914,,36,10.1,758,,,-22.4,-12,-12,24,4.02,40.2,402,
53,41.4,41.73228,,-11,-8.6,53,174.61,0.5297,1/12,70,53,149,220,2.15,92.5,419,26.5,,53,53,12.9,0.34,5.46,109,293.7,1.28,41.4,831.4,174.61,-11,-11,-11,-3.1,1.17,325.5,623,2.22,10.5,42,209,417,835,1127,54,0.28,1.31,5.25,26.1,52.2,104,141,53,41.4,-11,26.5,0.68,11.9,108,19.9,48.2,-7.6,,,26,209,196,-7.6,-1.4,,419,26.5,2.05,53,1.21,698.5,0.64,7.09,114,-2.8,-0.69,1252,2504,3756,5008,,38,10.7,785,,,-21.9,-11,-11,22,4.32,43.2,432,
54,42.2,42.51969,,-10,-7.8,54,185,0.5612,1/11,71,54,152,233.1,2.18,95.2,456,27,,54,54,12.7,0.36,5.78,110,311.1,1.31,42.2,865.3,185,-10,-10,-10,-2.8,1.16,343.1,644,2.26,10.7,42.8,213,425,851,1148,55,0.28,1.34,5.35,26.6,53.2,106,144,54,42.2,-10,27,0.71,12.7,113,20.6,51,-7.4,,,27,228,214,-7.4,-1.3,,456,27,2.13,54,1.24,740,0.67,7.5,121,-2.5,-0.63,1276,2551,3828,5102,,40,11.3,812,,,-21.4,-10,-10,20,4.64,46.4,464,
55,43,43.30709,,-9,-7,55,196,0.5946,1/10,71,55,155,246.9,2.21,98,496,27.5,,55,55,12.5,0.38,6.13,111,329.6,1.34,43,900.6,196,-9,-9,-9,-2.5,1.14,361.6,667,2.3,10.9,43.6,217,433,866,1169,56,0.29,1.36,5.44,27.1,54.1,108,146,55,43,-9,27.5,0.73,13.4,118,21.3,53.9,-7.3,,,27,248,233,-7.3,-1.1,,496,27.5,2.21,55,1.26,784,0.71,7.93,127,-2.3,-0.56,1299,2598,3897,5196,,42,12,841,,,-21,-9,-9,18,4.98,49.8,498,
56,43.8,44.09449,,-8,-6.3,56,207.65,0.63,1/9,72,56,158,261.6,2.24,101,540,28,,56,56,12.3,0.4,6.49,112,349.2,1.37,43.8,937.3,207.65,-8,-8,-8,-2.3,1.13,381.2,690,2.34,11.1,44.3,221,441,882,1191,57,0.29,1.39,5.54,27.6,55.1,110,149,56,43.8,-8,28,0.76,14.3,124,22,56.9,-7.1,,,28,270,253,-7.1,-1,,540,28,2.29,56,1.28,830.6,0.75,8.37,134,-2,-0.5,1323,2646,3969,5292,,44,12.7,871,,,-20.5,-8,-8,16,5.35,53.5,535,
57,44.5,44.88189,,-7,-5.5,57,220,0.6674,1/8,72,57,160,277.2,2.28,104,586,28.5,,57,57,12.1,0.43,6.88,113,370,1.41,44.5,975.6,220,-7,-7,-7,-2,1.11,401.8,715,2.39,11.3,45.1,224,449,898,1212,58,0.3,1.41,5.64,28.1,56.1,112,151,57,44.5,-7,28.5,0.78,15.2,129,22.7,60.1,-7,,,28,293,275,-7,-0.9,,586,28.5,2.37,57,1.3,880,0.79,8.82,142,-1.8,-0.44,1346,2693,4038,5386,,46,13.5,901,,,-20.1,-7,-7,14,5.75,57.5,575,
58,45.3,45.66929,,-6,-4.7,58,233.08,0.7071,1/7,72,58,163,293.7,2.31,107,636,29,,58,58,11.8,0.45,7.28,114,392,1.44,45.3,1020,233.08,-6,-6,-6,-1.7,1.09,423.5,740,2.43,11.5,45.9,228,457,914,1233,59,0.3,1.44,5.74,28.5,57.1,114,154,58,45.3,-6,29,0.81,16.1,135,23.4,63.4,-6.8,,,29,318,298,-6.8,-0.8,,636,29,2.45,58,1.33,932.3,0.84,9.3,149,-1.5,-0.38,1370,2740,4110,5480,,48,14.3,933,,,-19.7,-6,-6,12,6.18,61.8,618,
59,46.1,46.45669,,-5,-3.9,59,246.94,0.7492,1/6,73,59,166,311.1,2.34,110,690,29.5,,59,59,11.7,0.48,7.72,115,415.3,1.48,46.1,1060,246.94,-5,-5,-5,-1.4,1.08,446.4,766,2.47,11.7,46.7,232,465,929,1254,60,0.31,1.46,5.84,29,58.1,116,157,59,46.1,-5,29.5,0.84,17.1,142,24.1,66.8,-6.7,,,29,345,324,-6.7,-0.6,,690,29.5,2.53,59,1.35,987.8,0.88,9.79,157,-1.3,-0.31,1394,2787,4182,5574,,50,15.1,966,,,-19.2,-5,-5,10,6.64,66.4,664,
60,46.9,47.24409,,-4,-3.1,60,261.63,0.7937,1/5,73,60,169,329.6,2.38,113,748,30,,60,60,11.5,0.51,8.18,116,440,1.51,46.9,1100,261.63,-4,-4,-4,-1.1,1.06,470.5,793,2.51,11.9,47.5,236,473,945,1276,61,0.31,1.49,5.94,29.5,59.1,118,159,60,46.9,-4,30,0.87,18.1,148,24.9,70.4,-6.5,,,30,374,351,-6.5,-0.5,,748,30,2.62,60,1.37,1050,0.93,10.3,165,-1,-0.25,1417,2835,4251,5670,,55,16,1000,,,-18.8,-4,-4,8,7.13,71.3,713,
61,47.7,48.0315,,-3,-2.3,61,277.18,0.8409,1/4,74,61,172,349.2,2.41,117,810,30.5,,61,61,11.3,0.54,8.66,117,466.2,1.55,47.7,1140,277.18,-3,-3,-3,-0.8,1.05,495.9,821,2.55,12.1,48.3,240,480,961,1297,62,0.32,1.51,6.04,30,60,120,162,61,47.7,-3,30.5,0.9,19.3,155,25.6,74.2,-6.4,,,30,405,380,-6.4,-0.4,,810,30.5,2.71,61,1.4,1110,0.97,10.8,174,-0.8,-0.19,1441,2882,4323,5764,,60,17,1040,,,-18.4,-3,-3,6,7.67,76.7,767,
62,48.4,48.8189,,-2,-1.6,62,293.66,0.8909,1/3,74,62,174,370,2.45,120,876,31,,62,62,11.1,0.57,9.18,118,493.9,1.59,48.4,1190,293.66,-2,-2,-2,-0.6,1.03,522.7,849,2.59,12.3,49.1,244,488,977,1318,63,0.32,1.54,6.14,30.5,61,122,165,62,48.4,-2,31,0.93,20.4,162,26.4,78.1,-6.2,,,31,438,411,-6.2,-0.3,,876,31,2.8,62,1.42,1170,1.02,11.4,182,-0.5,-0.13,1465,2929,4395,5858,,65,18,1070,,,-18,-2,-2,4,8.24,82.4,824,
63,49.2,49.6063,,-1,-0.8,63,311.13,0.9439,1/2,74,63,177,392,2.48,123,947,31.5,,63,63,10.9,0.61,9.72,119,523.3,1.63,49.2,1240,311.13,-1,-1,-1,-0.3,1.02,551,879,2.64,12.5,49.9,248,496,992,1339,64,0.33,1.56,6.24,31,62,124,167,63,49.2,-1,31.5,0.97,21.7,169,27.2,82.2,-6.1,,,31,473,444,-6.1,-0.1,,947,31.5,2.88,63,1.44,1240,1.07,11.9,191,-0.3,-0.06,1488,2976,4464,5952,,70,19,1110,,,-17.6,-1,-1,2,8.86,88.6,886,
64,50,50.3937,,0,0,64,329.63,1,1,75,64,180,415.3,2.52,127,1020,32,,64,64,10.8,0.64,10.3,120,554.4,1.67,50,1290,329.63,0,0,0,0,1,580.8,910,2.68,12.7,50.7,252,504,1008,1361,65,0.33,1.58,6.33,31.5,63,126,170,64,50,0,32,1,23,177,28,86.4,-6,,,32,511,480,-6,0,,1020,32,2.98,64,1.46,1320,1.12,12.5,201,0,0,1512,3024,4536,6048,,75,20.2,1150,,,-17.2,0,0,0,9.52,95.2,952,
65,50.8,51.1811,,1,0.8,65,349.23,1.0595,2,75,65,183,440,2.56,131,1100,32.5,,65,65,10.6,0.68,10.9,121,587.3,1.72,50.8,1340,349.23,1,1,1,0.3,0.98,612.2,942,2.72,12.9,51.5,256,512,1024,1382,66,0.34,1.61,6.43,32,64,128,173,65,50.8,1,32.5,1.02,24.5,185,28.8,90.9,-5.8,,,32,552,518,-5.8,0.1,,1100,32.5,3.07,65,1.49,1400,1.18,13.1,210,0.3,0.06,1535,3071,4605,6142,,80,21.4,1190,,,-16.8,1,1,2,10.2,102,1030,
66,51.6,51.9685,,2,1.6,66,369.99,1.1225,3,75,66,186,466.2,2.59,135,1190,33,,66,66,10.4,0.72,11.6,122,622.3,1.76,51.6,1400,369.99,2,2,2,0.6,0.97,645.2,975,2.76,13.1,52.3,260,520,1040,1403,67,0.35,1.63,6.53,32.5,65,130,175,66,51.6,2,33,1.04,26,194,29.6,95.5,-5.7,,,33,595,559,-5.7,0.3,,1190,33,3.16,66,1.51,1480,1.23,13.7,220,0.5,0.13,1559,3118,4677,6236,,,22.6,1230,,,-16.4,2,2,4,11,110,1100,
67,52.3,52.75591,,3,2.3,67,392,1.1892,4,76,67,188,493.9,2.63,139,1280,33.5,,67,67,10.3,0.76,12.3,123,659.3,1.81,52.3,1450,392,3,3,3,0.8,0.95,680.1,1010,2.8,13.3,53.1,264,528,1055,1424,68,0.35,1.66,6.63,33,66,132,178,67,52.3,3,33.5,1.07,27.6,203,30.4,100,-5.6,,,33,642,602,-5.6,0.4,,1280,33.5,3.26,67,1.53,1570,1.29,14.3,230,0.8,0.19,1583,3165,4749,6330,,,24,1270,,,-16.1,3,3,6,11.8,118,1190,
68,53.1,53.54331,,4,3.1,68,415.3,1.2599,5,76,68,191,523.3,2.67,143,1380,34,,68,68,10.1,0.81,13,124,698.5,1.86,53.1,1510,415.3,4,4,4,1.1,0.94,716.9,1040,2.84,13.5,53.8,268,536,1071,1446,69,0.36,1.68,6.73,33.5,66.9,134,181,68,53.1,4,34,1.09,29.3,212,31.2,105,-5.4,,,34,691,650,-5.4,0.5,,1380,34,3.35,68,1.56,1660,1.35,15,241,1,0.25,1606,3213,4818,6426,,,25.4,1320,,,-15.7,4,4,8,12.7,127,1280,
69,53.9,54.33071,,5,3.9,69,440,1.3348,6,77,69,194,554.4,2.71,147,1490,34.5,,69,69,9.99,0.86,13.8,125,740,1.91,53.9,1580,440,5,5,5,1.4,0.92,755.6,1080,2.89,13.7,54.6,272,543,1087,1467,70,0.36,1.71,6.83,34,67.9,136,183,69,53.9,5,34.5,1.11,31.1,222,32.1,110,-5.3,,,34,744,700,-5.3,0.6,,1490,34.5,3.45,69,1.58,1760,1.41,15.7,251,1.3,0.31,1630,3260,4890,6520,,,26.9,1370,,,-15.3,5,5,10,13.7,137,1370,
70,54.7,55.11811,,6,4.7,70,466.16,1.4142,7,77,70,197,587.3,2.75,151,1600,35,,70,70,9.85,0.91,14.6,126,784,1.97,54.7,1640,466.16,6,6,6,1.7,0.91,796.4,1120,2.93,13.9,55.4,276,551,1103,1488,71,0.37,1.73,6.93,34.5,68.9,138,186,70,54.7,6,35,1.14,33,232,32.9,116,-5.2,,,35,800,752,-5.2,0.8,,1600,35,3.55,70,1.6,1860,1.47,16.3,263,1.5,0.38,1654,3307,4962,6614,,,28.5,1410,,,-15,6,6,12,14.7,147,1470,
71,55.5,55.90551,,7,5.5,71,493.88,1.4983,8,77,71,200,622.3,2.79,156,1720,35.5,,71,71,9.71,0.96,15.4,127,830.6,2.03,55.5,1710,493.88,7,7,7,2,0.89,839.5,1160,2.97,14.1,56.2,280,559,1118,1509,72,0.37,1.76,7.03,34.9,69.9,140,189,71,55.5,7,35.5,1.16,35,243,33.8,121,-5.1,,,35,860,807,-5.1,0.9,,1720,35.5,3.65,71,1.63,1980,1.53,17.1,274,1.8,0.44,1677,3354,5031,6708,,,30.2,1460,,,-14.6,7,7,14,15.8,158,1580,
72,56.3,56.69291,,8,6.3,72,523.25,1.5874,9,78,72,203,659.3,2.83,160,1850,36,,72,72,9.58,1.02,16.4,128,880,2.08,56.3,1780,523.25,8,8,8,2.3,0.88,884.9,1200,3.01,14.3,57,284,567,1134,1531,73,0.38,1.78,7.13,35.4,70.9,142,191,72,56.3,8,36,1.19,37.2,254,34.6,127,-4.9,,,36,924,867,-4.9,1,,1850,36,3.75,72,1.65,2090,1.6,17.8,286,2,0.5,1701,3402,5103,6804,,,32,1520,,,-14.3,8,8,16,17,170,1700,
73,57,57.48031,,9,7,73,554.37,1.6818,10,78,73,205,698.5,2.87,165,1990,36.5,,73,73,9.45,1.08,17.3,129,932.3,2.15,57,1850,554.37,9,9,9,2.5,0.86,932.7,1240,3.05,14.5,57.8,287,575,1150,1552,74,0.38,1.81,7.23,35.9,71.9,144,194,73,57,9,36.5,1.22,39.5,265,35.5,133,-4.8,,,36,992,931,-4.8,1.1,,1990,36.5,3.86,73,1.67,2220,1.67,18.5,298,2.3,0.56,1724,3449,5172,6898,,,33.9,1570,,,-13.9,9,9,18,18.3,183,1830,
74,57.8,58.26772,,10,7.8,74,587.33,1.7818,11,79,74,208,740,2.91,170,2130,37,,74,74,9.32,1.14,18.4,130,987.8,2.21,57.8,1920,587.33,10,10,10,2.8,0.84,983.1,1280,3.09,14.7,58.6,291,583,1166,1573,75,0.39,1.83,7.32,36.4,72.8,146,197,74,57.8,10,37,1.24,41.9,278,36.4,139,-4.7,,,37,1100,999,-4.7,1.3,,2130,37,3.96,74,1.69,2350,1.74,19.3,310,2.5,0.63,1748,3496,5244,6992,,,35.9,1620,,,-13.6,10,10,20,19.6,196,1970,
75,58.6,59.05512,,11,8.6,75,622.25,1.8877,12,79,75,211,784,2.95,175,2280,37.5,,75,75,9.2,1.21,19.4,131,1050,2.28,58.6,2000,622.25,11,11,11,3.1,0.83,1040,1330,3.14,14.9,59.4,295,591,1181,1595,76,0.39,1.86,7.42,36.9,73.8,148,199,75,58.6,11,37.5,1.27,44.5,291,37.3,146,-4.6,,,37,1100,1100,-4.6,1.4,,2280,37.5,4.07,75,1.72,2490,1.81,20.1,323,2.8,0.69,1772,3543,5316,7086,,,38.1,1680,,,-13.2,11,11,22,21.1,211,2120,
76,59.4,59.84252,,12,9.4,76,659.26,2,13,79,76,214,830.6,3,180,2450,38,,76,76,9.08,1.28,20.6,132,1110,2.35,59.4,2080,659.26,12,12,12,3.4,0.81,1090,1380,3.18,15.1,60.2,299,599,1197,1616,77,0.4,1.88,7.52,37.4,74.8,150,202,76,59.4,12,38,1.3,47.3,304,38.3,153,-4.5,,,38,1200,1200,-4.5,1.5,,2450,38,4.18,76,1.74,2640,1.88,20.9,336,3,0.75,1795,3591,5385,7182,,,40.3,1740,,,-12.9,12,12,24,22.7,227,2280,
77,60.2,60.62992,,13,10.2,77,698.46,2.1189,14,80,77,217,880,3.04,185,2620,38.5,,77,77,8.96,1.36,21.8,133,1170,2.42,60.2,2170,698.46,13,13,13,3.7,0.8,1150,1430,3.22,15.3,61,303,606,1213,1637,78,0.4,1.91,7.62,37.9,75.8,152,205,77,60.2,13,38.5,1.33,50.2,318,39.2,160,-4.3,,,38,1300,1200,-4.3,1.6,,2620,38.5,4.29,77,1.76,2790,1.96,21.8,349,3.3,0.81,1819,3638,5457,7276,,,42.7,1800,,,-12.6,13,13,26,24.4,244,2450,
78,60.9,61.41732,,14,10.9,78,739.99,2.2449,15,80,78,219,932.3,3.08,190,2810,39,,78,78,8.85,1.44,23.1,134,1240,2.5,60.9,2260,739.99,14,14,14,3.9,0.78,1210,1480,3.26,15.4,61.8,307,614,1229,1658,79,0.41,1.93,7.72,38.4,76.8,154,207,78,60.9,14,39,1.35,53.3,332,40.1,167,-4.2,,,39,1400,1300,-4.2,1.8,,2810,39,4.4,78,1.79,2960,2.03,22.6,363,3.5,0.88,1843,3685,5529,7370,,,45.3,1870,,,-12.2,14,14,28,26.3,263,2630,
79,61.7,62.20472,,15,11.7,79,783.99,2.3784,16,80,79,222,987.8,3.13,196,3000,39.5,,79,79,8.74,1.52,24.5,135,1320,2.58,61.7,2350,783.99,15,15,15,4.2,0.77,1280,1530,3.3,15.6,62.6,311,622,1244,1680,80,0.41,1.96,7.82,38.9,77.8,156,210,79,61.7,15,39.5,1.38,56.5,347,41.1,174,-4.1,,,39,1500,1400,-4.1,1.9,,3000,39.5,4.51,79,1.81,3140,2.11,23.5,377,3.8,0.94,1866,3732,5598,7464,,,47.9,1930,,,-11.9,15,15,30,28.3,283,2830,
80,62.5,62.99213,,16,12.5,80,830.61,2.5198,17,81,80,225,1050,3.17,202,3210,40,,80,80,8.63,1.62,26,136,1400,2.67,62.5,2450,860.61,16,16,16,4.5,0.75,1350,1580,3.34,15.8,63.3,315,630,1260,1701,81,0.42,1.98,7.92,39.4,78.8,158,213,80,62.5,16,40,1.41,60,363,42,182,-4,,,40,1600,1500,-4,2,,3210,40,4.62,80,1.83,3320,2.19,24.4,392,4,1,1890,3780,5670,7560,,,50.8,2000,,,-11.6,16,16,32,30.4,304,3050,
81,63.3,63.77953,,17,13.3,81,880,2.6697,18,81,81,228,1110,3.22,208,3430,40.5,,81,81,8.53,1.71,27.5,137,1480,2.76,63.3,2550,880,17,17,17,4.8,0.73,1420,1640,3.39,16,64.1,319,638,1276,1722,82,0.42,2.01,8.02,39.9,79.7,159,215,81,63.3,17,40.5,1.45,63.7,380,43,190,-3.9,,,40,1700,1600,-3.9,2.1,,3430,40.5,4.74,81,1.85,3520,2.28,25.3,407,4.3,1.006,1913,3827,5739,7654,,,53.8,2070,,,-11.3,17,17,34,32.7,327,3280,
82,64.1,64.56693,,18,14.1,82,932.33,2.8284,19,82,82,231,1170,3.27,214,3660,41,,82,82,8.42,1.81,29.1,138,1570,2.85,64.1,2650,932.33,18,18,18,5.1,0.72,1500,1690,3.43,16.2,64.9,323,646,1292,1743,83,0.43,2.03,8.12,40.4,80.7,161,218,82,64.1,18,41,1.48,67.7,398,44,198,-3.8,,,41,1800,1700,-3.8,2.3,,3660,41,4.86,82,1.88,3730,2.36,26.3,422,4.5,1.13,1937,3874,5811,7748,,,57,2140,,,-11,18,18,36,35.2,352,3530,
83,64.8,65.35433,,19,14.8,83,987.77,2.9966,20,82,83,233,1240,3.32,220,3910,41.5,,83,83,8.32,1.92,30.9,139,1660,2.95,64.8,2760,987.77,19,19,19,5.3,0.7,1580,1750,3.47,16.4,65.7,327,654,1307,1765,84,0.43,2.05,8.21,40.9,81.7,163,221,83,64.8,19,41.5,1.51,71.8,416,45,207,-3.7,,,41,2000,1800,-3.7,2.4,,3910,41.5,4.97,83,1.9,3950,2.45,27.2,438,4.8,1.19,1961,3921,5883,7842,,,60.4,2220,,,-10.7,19,19,38,37.9,379,3790,
84,65.6,66.14173,,20,15.6,84,1047,3.1748,21,82,84,236,1320,3.36,226,4170,42,,84,84,8.22,2.04,32.7,140,1760,3.05,65.6,2870,1047,20,20,20,5.6,0.69,1660,1810,3.51,16.6,66.5,331,662,1323,1786,85,0.44,2.08,8.31,41.3,82.7,165,223,84,65.6,20,42,1.54,76.3,435,46,216,-3.6,,,42,2100,2000,-3.6,2.5,,4170,42,5.09,84,1.92,4190,2.54,28.2,454,5,1.25,1984,3969,5952,7938,,,64,2300,,,-10.4,20,20,40,40.8,408,4080,
85,66.4,66.92913,,21,16.4,85,1109,3.3636,22,83,85,239,1400,3.41,233,4450,42.5,,85,85,8.13,2.16,34.6,141,1860,3.16,66.4,2990,1109,21,21,21,5.9,0.67,1750,1880,3.55,16.8,67.3,335,669,1339,1807,86,0.44,2.1,8.41,41.8,83.7,167,226,85,66.4,21,42.5,1.58,81,455,47,225,-3.5,,,42,2200,2100,-3.5,2.6,,4450,42.5,5.21,85,1.95,4430,2.63,29.3,470,5.3,1.31,2008,4016,6024,8032,,,67.8,2380,,,-10.1,21,21,42,43.9,439,4390,
86,67.2,67.71654,,22,17.2,86,1175,3.5636,23,83,86,242,1480,3.46,240,4740,43,,86,86,8.04,2.28,36.7,142,1980,3.28,67.2,3110,1175,22,22,22,6.2,0.66,1850,1940,3.59,17,68.1,339,677,1355,1828,87,0.45,2.13,8.51,42.3,84.7,169,229,86,67.2,22,43,1.61,86,476,48.1,234,-3.4,,,43,2400,2200,-3.4,2.8,,4740,43,5.34,86,1.97,4700,2.73,30.3,487,5.5,1.38,2031,4063,6093,8126,,,71.8,2460,,,-9.8,22,22,44,47.2,472,4720,
87,68,68.50394,,23,18,87,1245,3.7755,24,84,87,245,1570,3.51,247,5050,43.5,,87,87,7.94,2.42,38.9,143,2090,3.4,68,3240,1245,23,23,23,6.5,0.64,1950,2010,3.64,17.2,68.9,343,685,1370,1850,88,0.45,2.15,8.61,42.8,85.6,171,231,87,68,23,43.5,1.65,91.3,498,49.1,244,-3.3,,,43,2500,2400,-3.3,2.9,,5050,43.5,5.46,87,1.99,4980,2.82,31.4,504,5.8,1.44,2055,4110,6165,8220,,,76.1,2550,,,-9.5,23,23,46,50.8,508,5080,
88,68.8,69.29134,,24,18.8,88,1319,4,25,84,88,248,1660,3.56,254,5370,44,,88,88,7.85,2.56,41.2,144,2220,3.53,68.8,3370,1319,24,24,24,6.8,0.63,2050,2080,3.68,17.4,69.7,347,693,1386,1871,89,0.46,2.18,8.71,43.3,86.6,173,234,88,68.8,24,44,1.68,96.9,521,50.2,254,-3.2,,,44,2700,2500,-3.2,3,,5370,44,5.58,88,2.01,5270,2.92,32.5,522,6,1.5,2079,4157,6237,8314,,,80.6,2640,,,-9.2,24,24,48,54.7,547,5470,
89,69.5,70.07874,,25,19.5,89,1397,4.2379,26,84,89,250,1760,3.62,262,5720,44.5,,89,89,7.77,2.72,43.7,145,2350,3.67,69.5,3500,1397,25,25,25,7,0.61,2170,2160,3.72,17.6,70.5,350,701,1402,1892,90,0.46,2.2,8.81,43.8,87.6,175,237,89,69.5,25,44.5,1.72,103,545,51.2,265,-3.1,,,44,2900,2700,-3.1,3.1,,5720,44.5,5.71,89,2.04,5590,3.02,33.6,540,6.3,1.56,2102,4205,6306,8410,,,85.4,2730,,,-8.9,25,25,50,58.8,588,5890,
90,70.3,70.86614,,26,20.3,90,1480,4.4898,27,85,90,253,1860,3.67,269,6080,45,,90,90,7.68,2.88,46.3,146,2490,3.81,70.3,3650,1480,26,26,26,7.3,0.59,2280,2230,3.76,17.8,71.3,354,709,1418,1913,91,0.47,2.23,8.91,44.3,88.6,177,239,90,70.3,26,45,1.76,109,570,52.3,275,-3,,,45,3000,2900,-3,3.3,,6080,45,5.84,90,2.06,5920,3.12,34.7,558,6.5,1.63,2126,4252,6378,8504,,,90.5,2830,,,-8.6,26,26,52,63.3,633,6340,
91,71.1,71.65354,,27,21.1,91,1568,4.7568,28,85,91,256,1980,3.72,277,6470,45.5,,91,91,7.6,3.05,49,147,2640,3.96,71.1,3800,1568,27,27,27,7.6,0.58,2410,2310,3.8,18,72.1,358,717,1433,1935,92,0.48,2.25,9.01,44.8,89.6,179,242,91,71.1,27,45.5,1.79,116,596,53.4,286,-2.9,,,45,3200,3000,-2.9,3.4,,6470,45.5,5.97,91,2.08,6270,3.23,35.9,577,6.8,1.69,2150,4299,6450,8598,,,95.9,2930,,,-8.3,27,27,54,68.1,681,6820,
92,71.9,72.44094,,28,21.9,92,1661,5.0397,29,85,92,259,2090,3.78,285,6870,46,,92,92,7.52,3.23,51.9,148,2790,4.13,71.9,3950,1661,28,28,28,7.9,0.56,2540,2390,3.84,18.2,72.8,362,725,1449,1956,93,0.48,2.28,9.11,45.3,90.6,181,244,92,71.9,28,46,1.83,123,624,54.5,298,-2.80000000000001,,,46,3400,3300,-2.80000000000001,3.5,,6870,46,6.1,92,2.11,6640,3.34,37.1,596,7,1.75,2173,4346,6519,8692,,,102,3000,,,-8,28,28,56,73.4,734,7340,
93,72.7,73.22835,,29,22.7,93,1760,5.3394,30,86,93,262,2220,3.83,294,7300,46.5,,93,93,7.44,3.42,55,149,2960,4.3,72.7,4110,1760,29,29,29,8.2,0.55,2670,2480,3.89,18.4,73.6,366,732,1465,1977,94,0.49,2.3,9.2,45.8,91.5,183,247,93,72.7,29,46.5,1.87,131,652,55.6,310,-2.70000000000001,,,46,3600,3500,-2.70000000000001,3.6,,7300,46.5,6.23,93,2.13,7040,3.45,38.3,616,7.3,1.81,2197,4394,6591,8788,,,108,3140,,,-7.8,29,29,58,79,790,7900,
94,73.4,74.01575,,30,23.4,94,1865,5.6569,31,86,94,264,2350,3.89,302,7750,47,,94,94,7.36,3.63,58.3,150,3140,4.49,73.4,4280,1865,30,30,30,8.4,0.53,2820,2560,3.93,18.6,74.4,370,740,1481,1998,95,0.49,2.33,9.3,46.3,92.5,185,250,94,73.4,30,47,1.92,139,682,56.7,322,-2.60000000000001,,,47,3900,3600,-2.60000000000001,3.8,,7750,47,6.37,94,2.15,7460,3.56,39.6,636,7.5,1.88,2220,4441,6660,8882,,,114,3250,,,-7.5,30,30,60,85,850,8500,
95,74.2,74.80315,,31,24.2,95,1976,5.9932,32,87,95,267,2490,3.94,311,8220,47.5,,95,95,7.28,3.84,61.7,151,3320,4.68,74.2,4450,1976,31,31,31,8.7,0.52,2970,2650,3.97,18.8,75.2,374,748,1496,2020,96,0.5,2.35,9.4,46.8,93.5,187,252,95,74.2,31,47.5,1.96,147,713,57.9,335,-2.50000000000001,,,47,4100,3900,-2.50000000000001,3.9,,8220,47.5,6.5,95,2.17,7900,3.67,40.9,656,7.8,1.94,2244,4488,6732,8976,,,121,3360,,,-7.2,31,31,62,91.5,915,9160,
96,75,75.59055,,32,25,96,2093,6.3496,33,87,96,270,2640,4,320,8720,48,,96,96,7.21,3.07,65.4,152,3520,4.89,75,4640,2093,32,32,32,9,0.5,3130,2750,4.01,19,76,378,756,1512,2041,97,0.5,2.38,9.5,47.3,94.5,189,255,96,75,32,48,2,156,747,59,348,-2.40000000000001,,,48,4400,4100,-2.40000000000001,4,,8720,48,6.64,96,2.2,8370,3.79,42.2,677,8,2,2268,4535,6804,9070,,,128,3480,,,-7,32,32,64,98.5,985,9860,
97,75.8,76.37795,,33,25.8,97,2217,6.7272,34,87,97,273,2790,4.06,330,9250,48.5,,97,97,7.13,3.31,69.3,154,3730,5.12,75.8,4820,2217,33,33,33,9.3,0.48,3300,2840,4.05,19.2,76.8,382,764,1528,2062,98,0.51,2.4,9.6,47.7,95.5,191,258,97,75.8,33,48.5,2.05,166,780,60.2,361,-2.30000000000001,,,48,4600,4400,-2.30000000000001,4.1,,9250,48.5,6.77,97,2.22,8870,3.91,43.5,699,8.3,2.06,2291,4583,6873,9166,,,136,3610,,,-6.7,33,33,66,106,1070,10700,
98,76.6,77.16535,,34,26.6,98,2349,7.1272,35,88,98,276,2960,4.12,339,9800,49,,98,98,7.06,3.57,73.4,156,3950,5.36,76.6,5020,2349,34,34,34,9.6,0.47,3480,2940,4.09,19.4,77.6,386,772,1544,2084,99,0.51,2.43,9.7,48.2,96.5,193,260,98,76.6,34,49,2.09,176,816,61.3,375,-2.3,,,49,4900,4700,-2.3,4.3,,9800,49,6.92,98,2.24,9400,4.03,44.8,720,8.5,2.13,2315,4630,6945,9260,,,144,3730,,,-6.4,34,34,68,114,1150,11500,
99,77.3,77.95276,,35,27.3,99,2489,7.551,36,88,99,278,3140,4.18,349,10400,49.5,,99,99,6.99,4.84,77.8,158,4190,5.61,77.3,5230,2489,35,35,35,9.8,0.45,3660,3040,4.14,19.6,78.4,390,780,1559,2105,100,0.52,2.45,9.8,48.7,97.5,195,263,99,77.3,35,49.5,2.14,187,854,62.5,389,-2.2,,,49,5200,5000,-2.2,4.4,,10400,49.5,7.06,99,2.27,9960,4.16,46.2,743,8.8,2.19,2339,4677,7017,9354,,,152,3860,,,-6.2,35,35,70,123,1240,12400,
100,78.1,78.74016,,36,28.1,100,2637,8,37,89,100,281,3320,4.24,359,11000,50,,,100,6.92,5.13,82.4,160,4430,5.89,78.1,5440,2637,36,36,36,10.1,0.44,3860,3150,4.18,19.8,79.2,394,788,1575,21126,101,0.52,2.48,9.9,49.2,98.4,197,266,100,78.1,36,50,2.19,199,894,63.7,404,-2.1,,,50,5500,5300,-2.1,4.5,,11000,50,7.2,100,2.29,10500,4.29,47.6,765,9,2.25,2362,4724,7086,9448,,,161,4000,,,-5.9,36,36,72,133,1330,13300,
101,78.9,79.52756,,37,28.9,101,2794,8.4757,38,89,101,284,3520,4.3,370,11600,50.5,,,101,6.85,5.43,87.3,162,4700,6.19,78.9,5660,2794,37,37,37,10.4,0.42,4070,3260,4.22,20,80,398,795,1591,2147,102,0.53,2.5,10,49.7,99.4,199,268,101,78.9,37,50.5,2.24,211,934,64.9,419,-2,,,50,5800,5500,-2,4.6,,11600,50.5,7.34,101,2.31,11200,4.42,49.1,789,9.3,2.31,2386,4772,7158,9544,,,171,4140,,,-5.7,37,37,74,143,1430,14300,
102,79.7,80.31496,,38,29.7,102,2960,8.9797,39,89,102,287,3730,4.36,381,12300,51,,,102,6.79,5.76,92.5,164,4980,6.51,79.7,5890,2960,38,38,38,10.7,0.41,4290,3380,4.26,20.2,80.8,402,803,1607,2169,103,0.53,2.52,10.1,50.2,100,201,271,102,79.7,38,51,2.29,224,977,66.1,434,-1.9,,,51,6100,5900,-1.9,4.8,,12300,51,7.49,102,2.33,11800,4.55,50.6,812,9.5,2.38,2409,4819,7227,9638,,,181,4290,,,-5.4,38,38,76,154,1540,15400,
103,80.5,81.10236,,39,30.5,103,3136,9.5137,40,90,103,290,3950,4.43,392,13000,51.5,,,103,6.72,6.1,98,166,5270,6.85,80.5,6130,3136,39,39,39,11,0.39,4520,3500,4.3,20.4,81.6,406,811,1622,2190,104,0.54,2.55,10.2,50.7,101,203,274,103,80.5,39,51.5,2.34,238,1020,67.3,450,-1.8,,,51,6500,6300,-1.8,4.9,,13000,51.5,7.63,103,2.36,12500,4.68,52.1,836,9.8,2.44,2433,4866,7299,9732,,,192,4440,,,-5.2,39,39,78,166,1660,16600,
104,81.3,81.88976,,40,31.3,104,3322,10.079,41,90,104,293,4190,4.49,403,13800,52,,,104,6.66,6.46,104,168,5590,7.23,81.3,6380,3322,40,40,40,11.3,0.38,4770,3620,4.34,20.6,82.3,410,819,1638,2211,105,0.54,2.57,10.3,51.2,102,205,276,104,81.3,40,52,2.39,253,1070,68.6,467,-1.7,,,52,6900,6600,-1.7,5,,13800,52,7.78,104,2.38,13300,4.82,53.6,861,10,2.5,2457,4913,7371,9826,,,203,4590,,,-4.9,40,40,80,178,1790,17900,
105,82,82.67717,,41,32,105,3520,10.679,42,91,105,295,4430,4.56,415,14600,52.5,,,105,6.59,6.85,110,170,5920,7.64,82,6640,3520,41,41,41,11.5,0.36,5030,3740,4.39,20.8,83.1,413,827,1654,2232,106,0.55,2.6,10.4,51.7,103,207,279,105,82,41,52.5,2.45,268,1120,69.8,484,-1.7,,,52,7300,6800,-1.7,5.1,,14600,52.5,7.93,105,2.4,14100,4.96,55.2,886,10.3,2.56,2480,4961,7440,9922,,,215,4760,,,-4.7,41,41,82,192,1930,19300,
106,82.8,83.46457,,42,32.8,106,3729,11.314,43,91,106,298,4700,4.62,427,15400,53,,,106,6.53,7.25,117,172,6270,8.08,82.8,6910,3729,42,42,42,11.8,0.34,5300,3880,4.43,21,83.9,417,835,1670,2254,107,0.55,2.62,10.5,52.2,104,209,282,106,82.8,42,53,2.5,285,1170,71.1,501,-1.6,,,53,7700,7400,-1.6,5.3,,15400,53,8.08,106,2.43,14900,5.11,56.7,912,10.5,2.63,2504,5008,7512,10016,,,228,4920,,,-4.4,42,42,84,207,2070,20700,
107,83.6,84.25197,,43,33.6,107,3951,11.986,44,91,107,301,4980,4.69,440,16200,53.5,,,107,6.47,7.68,123,174,6640,8.56,83.6,7190,3951,43,43,43,12.1,0.33,5580,4010,4.47,21.2,84.7,421,843,1685,2275,108,0.56,2.65,10.6,52.7,105,211,284,107,83.6,43,53.5,2.56,302,1220,72.3,519,-1.5,,,53,8000,7800,-1.5,5.4,,16200,53.5,8.23,107,2.45,15800,5.25,58.4,938,10.8,2.69,2528,5055,7584,10110,,,242,5100,,,-4.2,43,43,86,223,2230,22300,
108,84.4,85.03937,,44,34.4,108,4186,12.699,45,92,108,304,5270,4.76,453,17100,54,,,108,6.41,8.14,131,176,7040,9.08,84.4,7490,4186,44,44,44,12.4,0.31,5890,4150,4.51,21.4,85.5,425,851,1701,2296,109,0.56,2.67,10.7,53.2,106,213,287,108,84.4,44,54,2.62,321,1280,73.6,534,-1.4,,,54,8600,8200,-1.4,5.5,,17100,54,8.39,108,2.47,16700,5.4,60,964,11,2.75,2551,5102,7653,10204,,,256,5280,,,-4,44,44,88,240,2410,24100,
109,85.2,85.82677,,45,35.2,109,4435,13.454,46,92,109,307,5590,4.83,466,18100,54.5,,,109,6.36,8.62,139,178,7460,9.66,85.2,7790,4435,45,45,45,12.7,0.3,6200,4300,4.55,21.6,86.3,429,858,1717,2317,110,0.57,2.7,10.8,53.6,107,215,290,109,85.2,45,54.5,2.67,341,1340,74.9,556,-1.3,,,54,9000,8600,-1.3,5.6,,18100,54.5,8.54,109,2.49,17700,5.55,61.7,991,11.3,2.81,2575,5150,7725,10300,,,271,5460,,,-3.7,45,45,90,259,2590,25900,
110,85.9,86.61417,,46,35.9,110,4699,14.254,47,92,110,309,5920,4.9,480,19100,55,,,110,6.3,9.14,147,180,7900,10,85.9,8110,4699,46,46,46,12.9,0.28,6540,4450,4.59,21.8,87.1,433,866,1733,2339,111,0.57,2.72,10.9,54.1,108,217,292,110,85.9,46,55,2.74,362,1400,76.2,576,-1.2,,,55,9500,9100,-1.2,5.8,,19100,55,8.7,110,2.52,18800,5.71,63.4,1019,11.5,2.88,2598,5197,7794,10394,,,287,5660,,,-3.5,46,46,92,279,2790,27900,
111,86.7,87.40157,,47,36.7,111,4978,15.102,48,93,111,312,6270,4.97,494,20100,55.5,,,111,6.24,9.68,156,182,8370,11,86.7,8440,4978,47,47,47,13.2,0.27,6890,4610,4.64,22,87.9,437,874,1748,2360,112,0.58,2.75,11,54.6,109,219,295,111,86.7,47,55.5,2.8,384,1460,77.5,596,-1.2,,,55,10100,9600,-1.2,5.9,,20100,55.5,8.86,111,2.54,19900,5.86,65.25,1047,11.8,2.94,2622,5244,7866,10488,,,304,5860,,,-3.3,47,47,94,300,3010,30100,
112,87.5,88.18898,,48,37.5,112,5274,16,49,93,112,315,6640,5.04,508,21200,56,,,112,6.19,10.3,165,184,8870,12,87.5,8790,5274,48,48,48,13.5,0.25,7260,4770,4.68,22.2,88.7,441,882,1764,2381,113,0.58,2.77,11.1,55.1,110,221,298,112,87.5,48,56,2.86,408,1530,78.8,616,-1.1,,,56,10600,10300,-1.1,6,,21200,56,9.02,112,2.56,21100,6.02,66.9,1075,12,3,2646,5291,7938,10582,,,323,6060,,,-3,48,48,96,324,3240,32400,
113,88.3,88.97638,,49,38.3,113,5588,16.951,50,94,113,318,7040,5.11,523,22400,56.5,,,113,6.13,10.9,175,186,9400,13,88.3,9140,5588,49,49,49,13.8,0.23,7660,4940,4.72,22.4,89.5,445,890,1780,2402,114,0.59,2.8,11.2,55.6,111,222,300,113,88.3,49,56.5,2.92,433,1600,80.2,638,-1,,,56,11100,11000,-1,6.1,,22400,56.5,9.18,113,2.59,22400,6.18,68.8,1105,12.3,3.06,2669,5339,8007,10678,,,342,6280,,,-2.8,49,49,98,349,3490,34900,
114,89.1,89.76378,,50,39.1,114,5920,17.959,51,94,114,321,7460,5.19,539,23500,57,,,114,6.08,11.5,185,188,9960,14,89.1,9520,5920,50,50,50,14.1,0.22,8070,5110,4.76,22.6,90.3,449,898,1796,2424,115,0.6,2.82,11.3,56.1,112,224,303,114,89.1,50,57,2.99,459,1680,81.5,659,-0.9,,,57,11700,11800,-0.9,6.3,,23500,57,9.34,114,2.61,23700,6.35,70.6,1134,12.5,3.13,2693,5386,8079,10772,,,362,6500,,,-2.6,50,50,100,376,3760,37600,
115,89.8,90.55118,,51,39.8,115,6272,19.027,52,94,115,323,7900,5.26,554,24800,57.5,,,115,6.03,12.2,196,190,10500,15,89.8,9910,6272,51,51,51,14.3,0.2,8510,5290,4.8,22.8,91.1,453,906,1811,2445,116,0.6,2.85,11.4,56.6,113,226,306,115,89.8,51,57.5,3.06,488,1760,82.9,682,-0.9,,,57,12400,11800,-0.9,6.4,,24800,57.5,9.5,115,2.63,25100,6.52,72.5,1164,12.8,3.19,2717,5433,8151,10866,,,384,6730,,,-2.3,51,51,102,405,4060,40600,
116,90.6,91.33858,,52,40.6,116,6645,20.159,53,95,116,326,8370,5.34,571,26100,58,,,116,5.97,12.9,208,192,11200,16,90.6,10300,6645,52,52,52,14.6,0.19,8970,5470,4.84,23,91.8,457,914,1827,2466,117,0.61,2.87,11.5,57.1,114,228,308,116,90.6,52,58,3.13,518,1840,84.2,705,-0.8,,,58,13000,12700,-0.8,6.5,,26100,58,9.67,116,2.66,26600,6.69,74.4,1195,13,3.25,2740,5480,8220,10960,,,406,6960,,,-2.1,52,52,104,437,4370,43700,
117,91.4,92.12598,,53,41.4,117,7040,21.357,54,95,117,329,8870,5.42,587,27500,58.5,,,117,5.92,13.7,220,194,11800,17,91.4,10700,7040,53,53,53,14.9,0.17,9450,5670,4.89,23.2,92.6,461,921,1843,2487,118,0.61,2.9,11.6,57.6,115,230,311,117,91.4,53,58.5,3.2,550,1920,85.6,728,-0.7,,,58,13700,13700,-0.7,6.6,,27500,58.5,9.84,117,2.68,28200,6.87,76.3,1226,13.3,3.31,2764,5528,8292,11056,,,431,7210,,,-1.9,53,53,106,471,4710,47100,
118,92.2,92.91339,,54,42.2,118,7459,22.627,55,96,118,332,9400,5.5,605,28900,59,,,118,5.87,14.5,233,196,12500,19,92.2,11200,7459,54,54,54,15.2,0.16,9960,5860,4.93,23.4,93.4,465,929,1859,2509,119,0.62,2.92,11.7,58.1,116,232,314,118,92.2,54,59,3.27,584,2010,87,752,-0.6,,,59,14400,13700,-0.6,6.8,,28900,59,10,118,2.7,29800,7.04,78.3,1258,13.5,3.38,2787,5575,8361,11150,,,456,7460,,,-1.7,54,54,108,508,5080,50800,
119,93,93.70079,,55,43,119,7902,23.973,56,96,119,335,9960,5.58,622,30400,59.5,,,119,5.83,15.4,247,198,13300,20,93,11600,7902,55,55,55,15.5,0.14,10500,6070,4.97,23.6,94.2,469,937,1874,2530,120,0.62,2.95,11.8,58.6,117,234,316,119,93,55,59.5,3.34,620,2100,88.4,777,-0.6,,,59,15200,14900,-0.6,6.9,,30400,59.5,10.2,119,2.72,31600,7.22,80.3,1290,13.8,3.44,2811,5622,8433,11244,,,483,7730,,,-1.5,55,55,110,547,5480,54800,
120,93.8,94.48819,,56,43.7,120,8372,25.398,57,96,120,338,10500,5.66,640,32000,60,,,120,5.78,16.3,262,200,14100,22,93.8,12100,8372,56,56,56,15.8,0.13,11100,6280,5.01,23.8,95,473,945,1890,2551,121,0.63,2.97,11.9,59.1,118,236,319,120,93.8,56,60,3.42,659,2200,89.8,802,-0.5,,,60,15800,16400,-0.5,7,,32000,60,10.3,120,2.75,33500,7.41,82.3,1323,14,3.5,2835,5669,8505,11338,,,512,8000,,,-1.3,56,56,112,590,5900,59000,
121,94.5,95.27559,,57,44.5,121,8870,26.909,58,97,121,340,11200,5.74,659,33600,60.5,,,121,5.73,17.2,277,202,14900,25,94.5,12600,8870,57,57,57,16,0.11,11700,6500,5.05,24,95.8,476,953,1906,2573,122,0.63,2.99,12,59.6,119,238,322,121,94.5,57,60.5,3.5,699,2300,91.2,828,-0.4,,,60,16800,16400,-0.4,7.1,,33600,60.5,10.5,121,2.77,35500,7.59,84.4,1356,14.3,3.56,2858,5717,8574,11434,,,542,8280,,,-1,57,57,114,636,6360,63600,
122,95.3,96.06299,,58,45.3,122,9397,28.509,59,97,122,343,11800,5.82,679,35300,61,,,122,5.68,18.3,294,204,15800,27,95.3,13100,9397,58,58,58,16.3,0.09,12300,6730,5.09,24.2,96.6,480,961,1922,2594,123,0.64,3.02,12.1,60,120,240,324,122,95.3,58,61,3.58,742,2410,92.7,855,-0.3,,,61,17500,18300,-0.3,7.3,,35300,61,10.7,122,2.79,37600,7.78,86.5,1390,14.5,3.63,2882,5764,8646,11528,,,575,8570,,,-0.8,58,58,116,686,6860,68600,
123,96.1,96.85039,,59,46.1,123,9956,30.204,60,97,123,346,12500,5.91,698,37100,61.5,,,123,5.64,19.4,311,206,16700,30,96.1,13600,9956,59,59,59,16.6,0.08,13000,6970,5.14,24.4,97.4,484,969,1937,2615,124,0.64,3.04,12.2,60.5,121,242,327,123,96.1,59,61.5,3.66,787,2520,94.1,883,-0.3,,,61,18300,18300,-0.3,7.4,,37100,61.5,10.9,123,2.82,39800,7.98,88.7,1424,14.8,3.69,2906,5811,8718,11622,,,609,8880,,,-0.6,59,59,118,739,7400,74000,
124,96.9,97.6378,,60,46.9,124,10550,32,61,98,124,349,13300,5.99,719,38900,62,,,124,5.59,20.5,330,208,17700,34,96.9,14200,10550,60,60,60,16.9,0.06,13700,7210,5.18,24.6,98.2,488,977,1953,2636,125,0.65,3.07,12.3,61,122,244,330,124,96.9,60,62,3.74,837,2630,95.6,911,-0.2,,,62,19200,20500,-0.2,7.5,,38900,62,11,124,2.84,42200,8.17,90.8,1459,15,3.75,2929,5858,8787,11716,,,645,9190,,,-0.4,60,60,120,797,7980,79800,
125,97.7,98.4252,,61,47.7,125,11180,33.903,62,98,125,352,14100,6.08,740,40900,62.5,,,125,5.55,21.7,349,210,18800,38,97.7,14800,11180,61,61,61,17.2,0.05,14400,7470,5.22,24.7,99,492,984,1969,2658,126,0.65,3.09,12.4,61.5,123,246,332,125,97.7,61,62.5,3.83,888,2760,97,940,-0.1,,,62,20200,20500,-0.1,7.6,,40900,62.5,11.2,125,2.86,44700,8.37,93.1,1495,15.3,3.81,2953,5906,8859,11812,,,683,9510,,,-0.2,61,61,122,860,8600,86000,
126,98.4,99.2126,,62,48.4,126,11840,35.919,63,99,126,354,14900,6.17,762,42900,63,,,126,5.5,23,370,212,19900,44,98.4,15400,11840,62,62,62,17.4,0.03,15200,7730,5.26,24.9,99.8,496,992,1985,2679,127,0.66,3.12,12.5,62,124,248,335,126,98.4,62,63,3.91,942,2870,98.5,970,-0.1,,,63,21200,20500,-0.1,7.8,,42900,63,11.4,126,2.88,47400,8.57,95.3,1531,15.5,3.88,2976,5953,8928,11906,,,724,9850,,,0,62,62,124,927,9280,92800,
127,100,100,,63,49.2,127,12550,38.055,64,99,127,357,15800,6.26,784,45000,64,,,127,5.46,24.4,392,214,21100,50,100,16000,12550,64,64,64,18,0.02,16000,8000,5.3,25.1,101,500,1000,2000,2700,128,0.66,3.14,12.6,62.5,125,250,338,127,100,64,64,4,1000,3000,100,1000,0,,,63,22400,23500,0,8,,45000,64,11.6,127,2.91,50200,8.78,97.6,1568,15.8,4,3000,6000,9000,12000,,,767,10200,,,,63,64,127,1000,10000,100000,
